{"lr": 0.02, "data_time": 1.021103811264038, "loss": 3.2507883071899415, "time": 1.3233566761016846, "epoch": 1, "iter": 91, "memory": 3093, "step": 91}
{"accuracy/top1": 4.34782600402832, "data_time": 1.5190048845190751, "time": 1.617935670049567, "step": 1}
{"lr": 0.02, "data_time": 0.0009572267532348633, "loss": 2.3362098932266235, "time": 0.3218132257461548, "epoch": 2, "iter": 182, "memory": 3093, "step": 182}
{"accuracy/top1": 42.30769348144531, "data_time": 0.05837734937667847, "time": 0.15092958211898805, "step": 2}
{"lr": 0.02, "data_time": 0.0009926080703735352, "loss": 1.834015667438507, "time": 0.34153497219085693, "epoch": 3, "iter": 273, "memory": 3093, "step": 273}
{"accuracy/top1": 47.993309020996094, "data_time": 0.05833338499069214, "time": 0.15382685661315917, "step": 3}
{"lr": 0.02, "data_time": 0.0019437074661254883, "loss": 1.6181910514831543, "time": 0.32831463813781736, "epoch": 4, "iter": 364, "memory": 3093, "step": 364}
{"accuracy/top1": 56.02006530761719, "data_time": 0.06376365423202515, "time": 0.1582898736000061, "step": 4}
{"lr": 0.02, "data_time": 0.0011316776275634766, "loss": 1.336930751800537, "time": 0.35020222663879397, "epoch": 5, "iter": 455, "memory": 3093, "step": 455}
{"accuracy/top1": 59.197322845458984, "data_time": 0.09425301551818847, "time": 0.18955966234207153, "step": 5}
{"lr": 0.02, "data_time": 0.0009944915771484375, "loss": 1.2428083181381226, "time": 0.338454532623291, "epoch": 6, "iter": 546, "memory": 3093, "step": 546}
{"accuracy/top1": 64.7157211303711, "data_time": 0.08291488885879517, "time": 0.1790069818496704, "step": 6}
{"lr": 0.02, "data_time": 0.000892019271850586, "loss": 1.0904569029808044, "time": 0.3313715934753418, "epoch": 7, "iter": 637, "memory": 3093, "step": 637}
{"accuracy/top1": 66.88963317871094, "data_time": 0.11085991859436035, "time": 0.2085682988166809, "step": 7}
{"lr": 0.02, "data_time": 0.0009233713150024414, "loss": 0.8867557406425476, "time": 0.33702588081359863, "epoch": 8, "iter": 728, "memory": 3093, "step": 728}
{"accuracy/top1": 58.026756286621094, "data_time": 0.12364668846130371, "time": 0.22256968021392823, "step": 8}
{"lr": 0.02, "data_time": 0.001006913185119629, "loss": 0.7665444433689117, "time": 0.33493733406066895, "epoch": 9, "iter": 819, "memory": 3093, "step": 819}
{"accuracy/top1": 73.24414825439453, "data_time": 0.13877860307693482, "time": 0.2358224630355835, "step": 9}
{"lr": 0.02, "data_time": 0.0020960330963134765, "loss": 0.8411580890417099, "time": 0.3370091915130615, "epoch": 10, "iter": 910, "memory": 3093, "step": 910}
{"accuracy/top1": 74.91638946533203, "data_time": 0.09195815324783325, "time": 0.19037965536117554, "step": 10}
{"lr": 0.02, "data_time": 0.0013916730880737306, "loss": 0.8587106227874756, "time": 0.33933022022247317, "epoch": 11, "iter": 1001, "memory": 3093, "step": 1001}
{"accuracy/top1": 77.25752258300781, "data_time": 0.06510145664215088, "time": 0.15766115188598634, "step": 11}
{"lr": 0.02, "data_time": 0.0016495227813720704, "loss": 0.6333037793636322, "time": 0.3370112180709839, "epoch": 12, "iter": 1092, "memory": 3093, "step": 1092}
{"accuracy/top1": 78.09364318847656, "data_time": 0.16141780614852905, "time": 0.260985279083252, "step": 12}
{"lr": 0.02, "data_time": 0.0008804082870483398, "loss": 0.6370839327573776, "time": 0.3388411283493042, "epoch": 13, "iter": 1183, "memory": 3093, "step": 1183}
{"accuracy/top1": 80.43478393554688, "data_time": 0.09487732648849487, "time": 0.1945606589317322, "step": 13}
{"lr": 0.02, "data_time": 0.000916433334350586, "loss": 0.5123893395066261, "time": 0.33499927520751954, "epoch": 14, "iter": 1274, "memory": 3093, "step": 1274}
{"accuracy/top1": 80.93645477294922, "data_time": 0.08094379901885987, "time": 0.17492810487747193, "step": 14}
{"lr": 0.02, "data_time": 0.0019328594207763672, "loss": 0.5505104780197143, "time": 0.33569486141204835, "epoch": 15, "iter": 1365, "memory": 3093, "step": 1365}
{"accuracy/top1": 79.59866333007812, "data_time": 0.05112334489822388, "time": 0.14578454494476317, "step": 15}
{"lr": 0.02, "data_time": 0.0008933782577514648, "loss": 0.6358925372362136, "time": 0.33538451194763186, "epoch": 16, "iter": 1456, "memory": 3093, "step": 1456}
{"accuracy/top1": 82.27424621582031, "data_time": 0.1030385971069336, "time": 0.1985424280166626, "step": 16}
{"lr": 0.02, "data_time": 0.0008962392807006836, "loss": 0.5843375295400619, "time": 0.33635141849517824, "epoch": 17, "iter": 1547, "memory": 3093, "step": 1547}
{"accuracy/top1": 83.277587890625, "data_time": 0.08320266008377075, "time": 0.17968387603759767, "step": 17}
{"lr": 0.02, "data_time": 0.0009226322174072266, "loss": 0.4842097282409668, "time": 0.33507490158081055, "epoch": 18, "iter": 1638, "memory": 3093, "step": 1638}
{"accuracy/top1": 83.11036682128906, "data_time": 0.06181920766830444, "time": 0.15352935791015626, "step": 18}
{"lr": 0.02, "data_time": 0.001570892333984375, "loss": 0.6139974474906922, "time": 0.3341418981552124, "epoch": 19, "iter": 1729, "memory": 3093, "step": 1729}
{"accuracy/top1": 78.42809295654297, "data_time": 0.09798375368118287, "time": 0.19329818487167358, "step": 19}
{"lr": 0.02, "data_time": 0.0009002208709716797, "loss": 0.5157775774598121, "time": 0.33435204029083254, "epoch": 20, "iter": 1820, "memory": 3093, "step": 1820}
{"accuracy/top1": 78.92976379394531, "data_time": 0.09430207014083862, "time": 0.19218237400054933, "step": 20}
{"lr": 0.02, "data_time": 0.0008873939514160156, "loss": 0.525043897330761, "time": 0.3355408668518066, "epoch": 21, "iter": 1911, "memory": 3093, "step": 1911}
{"accuracy/top1": 79.76588439941406, "data_time": 0.13016363382339477, "time": 0.22761359214782714, "step": 21}
{"lr": 0.02, "data_time": 0.0010226964950561523, "loss": 0.3666278213262558, "time": 0.3334499835968018, "epoch": 22, "iter": 2002, "memory": 3093, "step": 2002}
{"accuracy/top1": 80.93645477294922, "data_time": 0.26949783563613894, "time": 0.37390382289886476, "step": 22}
{"lr": 0.02, "data_time": 0.0009471416473388672, "loss": 0.44870703890919683, "time": 0.336352801322937, "epoch": 23, "iter": 2093, "memory": 3093, "step": 2093}
{"accuracy/top1": 82.44147491455078, "data_time": 0.12921879291534424, "time": 0.23041547536849977, "step": 23}
{"lr": 0.02, "data_time": 0.0008931875228881836, "loss": 0.34797460176050665, "time": 0.33457930088043214, "epoch": 24, "iter": 2184, "memory": 3093, "step": 2184}
{"accuracy/top1": 83.11036682128906, "data_time": 0.14802204370498656, "time": 0.24865999221801757, "step": 24}
{"lr": 0.02, "data_time": 0.0008533716201782227, "loss": 0.33768944442272186, "time": 0.336405348777771, "epoch": 25, "iter": 2275, "memory": 3093, "step": 2275}
{"accuracy/top1": 85.2842788696289, "data_time": 0.1524626851081848, "time": 0.25230411291122434, "step": 25}
{"lr": 0.02, "data_time": 0.00200505256652832, "loss": 0.3496723331511021, "time": 0.33905160427093506, "epoch": 26, "iter": 2366, "memory": 3093, "step": 2366}
{"accuracy/top1": 86.12039947509766, "data_time": 0.13485984802246093, "time": 0.23622628450393676, "step": 26}
{"lr": 0.02, "data_time": 0.0009984731674194335, "loss": 0.37275320291519165, "time": 0.3357454538345337, "epoch": 27, "iter": 2457, "memory": 3093, "step": 2457}
{"accuracy/top1": 81.43812561035156, "data_time": 0.11241328716278076, "time": 0.20875061750411988, "step": 27}
{"lr": 0.02, "data_time": 0.0008908987045288086, "loss": 0.4859521478414536, "time": 0.3336233139038086, "epoch": 28, "iter": 2548, "memory": 3093, "step": 2548}
{"accuracy/top1": 84.61538696289062, "data_time": 0.13529675006866454, "time": 0.23692805767059327, "step": 28}
{"lr": 0.02, "data_time": 0.0008760929107666015, "loss": 0.4191121608018875, "time": 0.33575284481048584, "epoch": 29, "iter": 2639, "memory": 3093, "step": 2639}
{"accuracy/top1": 83.77926635742188, "data_time": 0.14112915992736816, "time": 0.23974065780639647, "step": 29}
{"lr": 0.02, "data_time": 0.0009389877319335938, "loss": 0.29482765793800353, "time": 0.333099365234375,